{"errors":[],"warnings":[],"namedChunkGroups":{"app":{"chunks":[14,2],"assets":["webpack-runtime-581f7f5bb903840e0bbd.js","webpack-runtime-581f7f5bb903840e0bbd.js.map","app-bf9ebec7e57978af1383.js","app-bf9ebec7e57978af1383.js.map"],"children":{},"childAssets":{}},"component---node-modules-gatsby-plugin-offline-app-shell-js":{"chunks":[3],"assets":["component---node-modules-gatsby-plugin-offline-app-shell-js-bf8643d9f90c5d6b7367.js","component---node-modules-gatsby-plugin-offline-app-shell-js-bf8643d9f90c5d6b7367.js.map"],"children":{},"childAssets":{}},"component---src-templates-blog-post-blog-post-js":{"chunks":[0,12,1,4],"assets":["0.cdd212970a8400f94300.css","0-3005393ef571ccb0e251.js","0.cdd212970a8400f94300.css.map","0-3005393ef571ccb0e251.js.map","12-24223eb0affa10b54257.js","12-24223eb0affa10b54257.js.map","1.84224bacb78434c42ca7.css","1-fbcb71a6606b88f6a8f9.js","1.84224bacb78434c42ca7.css.map","1-fbcb71a6606b88f6a8f9.js.map","component---src-templates-blog-post-blog-post-js-6bca77d8cdd401eba93e.js","component---src-templates-blog-post-blog-post-js-6bca77d8cdd401eba93e.js.map"],"children":{},"childAssets":{}},"component---src-pages-404-js":{"chunks":[0,1,5],"assets":["0.cdd212970a8400f94300.css","0-3005393ef571ccb0e251.js","0.cdd212970a8400f94300.css.map","0-3005393ef571ccb0e251.js.map","1.84224bacb78434c42ca7.css","1-fbcb71a6606b88f6a8f9.js","1.84224bacb78434c42ca7.css.map","1-fbcb71a6606b88f6a8f9.js.map","component---src-pages-404-js-1c53246d25fce174e7c2.js","component---src-pages-404-js-1c53246d25fce174e7c2.js.map"],"children":{},"childAssets":{}},"component---src-pages-about-index-js":{"chunks":[0,1,6],"assets":["0.cdd212970a8400f94300.css","0-3005393ef571ccb0e251.js","0.cdd212970a8400f94300.css.map","0-3005393ef571ccb0e251.js.map","1.84224bacb78434c42ca7.css","1-fbcb71a6606b88f6a8f9.js","1.84224bacb78434c42ca7.css.map","1-fbcb71a6606b88f6a8f9.js.map","component---src-pages-about-index-js.5e02a42b650bc21d17c3.css","component---src-pages-about-index-js-e28b870b04f27c3672ec.js","component---src-pages-about-index-js.5e02a42b650bc21d17c3.css.map","component---src-pages-about-index-js-e28b870b04f27c3672ec.js.map"],"children":{},"childAssets":{}},"component---src-pages-blogs-index-js":{"chunks":[0,1,7],"assets":["0.cdd212970a8400f94300.css","0-3005393ef571ccb0e251.js","0.cdd212970a8400f94300.css.map","0-3005393ef571ccb0e251.js.map","1.84224bacb78434c42ca7.css","1-fbcb71a6606b88f6a8f9.js","1.84224bacb78434c42ca7.css.map","1-fbcb71a6606b88f6a8f9.js.map","component---src-pages-blogs-index-js-09dd4e0bccc682781d4f.js","component---src-pages-blogs-index-js-09dd4e0bccc682781d4f.js.map"],"children":{},"childAssets":{}},"component---src-pages-experiences-index-js":{"chunks":[0,1,8],"assets":["0.cdd212970a8400f94300.css","0-3005393ef571ccb0e251.js","0.cdd212970a8400f94300.css.map","0-3005393ef571ccb0e251.js.map","1.84224bacb78434c42ca7.css","1-fbcb71a6606b88f6a8f9.js","1.84224bacb78434c42ca7.css.map","1-fbcb71a6606b88f6a8f9.js.map","component---src-pages-experiences-index-js-bfec74f782c52e0067a2.js","component---src-pages-experiences-index-js-bfec74f782c52e0067a2.js.map"],"children":{},"childAssets":{}},"component---src-pages-index-js":{"chunks":[0,1,9],"assets":["0.cdd212970a8400f94300.css","0-3005393ef571ccb0e251.js","0.cdd212970a8400f94300.css.map","0-3005393ef571ccb0e251.js.map","1.84224bacb78434c42ca7.css","1-fbcb71a6606b88f6a8f9.js","1.84224bacb78434c42ca7.css.map","1-fbcb71a6606b88f6a8f9.js.map","component---src-pages-index-js.7964a65fdd0886f03975.css","component---src-pages-index-js-77cc7fdddd2283fcda99.js","component---src-pages-index-js.7964a65fdd0886f03975.css.map","component---src-pages-index-js-77cc7fdddd2283fcda99.js.map"],"children":{},"childAssets":{}},"component---src-pages-research-index-js":{"chunks":[0,13,1,10],"assets":["0.cdd212970a8400f94300.css","0-3005393ef571ccb0e251.js","0.cdd212970a8400f94300.css.map","0-3005393ef571ccb0e251.js.map","13-fd3d864ea67311538fe5.js","13-fd3d864ea67311538fe5.js.map","1.84224bacb78434c42ca7.css","1-fbcb71a6606b88f6a8f9.js","1.84224bacb78434c42ca7.css.map","1-fbcb71a6606b88f6a8f9.js.map","component---src-pages-research-index-js-7b316fcde62b3dadf2f0.js","component---src-pages-research-index-js-7b316fcde62b3dadf2f0.js.map"],"children":{},"childAssets":{}}},"assetsByChunkName":{"app":["webpack-runtime-581f7f5bb903840e0bbd.js","app-bf9ebec7e57978af1383.js"],"component---node-modules-gatsby-plugin-offline-app-shell-js":["component---node-modules-gatsby-plugin-offline-app-shell-js-bf8643d9f90c5d6b7367.js"],"component---src-templates-blog-post-blog-post-js":["0.cdd212970a8400f94300.css","0-3005393ef571ccb0e251.js","12-24223eb0affa10b54257.js","1.84224bacb78434c42ca7.css","1-fbcb71a6606b88f6a8f9.js","component---src-templates-blog-post-blog-post-js-6bca77d8cdd401eba93e.js"],"component---src-pages-404-js":["0.cdd212970a8400f94300.css","0-3005393ef571ccb0e251.js","1.84224bacb78434c42ca7.css","1-fbcb71a6606b88f6a8f9.js","component---src-pages-404-js-1c53246d25fce174e7c2.js"],"component---src-pages-about-index-js":["0.cdd212970a8400f94300.css","0-3005393ef571ccb0e251.js","1.84224bacb78434c42ca7.css","1-fbcb71a6606b88f6a8f9.js","component---src-pages-about-index-js.5e02a42b650bc21d17c3.css","component---src-pages-about-index-js-e28b870b04f27c3672ec.js"],"component---src-pages-blogs-index-js":["0.cdd212970a8400f94300.css","0-3005393ef571ccb0e251.js","1.84224bacb78434c42ca7.css","1-fbcb71a6606b88f6a8f9.js","component---src-pages-blogs-index-js-09dd4e0bccc682781d4f.js"],"component---src-pages-experiences-index-js":["0.cdd212970a8400f94300.css","0-3005393ef571ccb0e251.js","1.84224bacb78434c42ca7.css","1-fbcb71a6606b88f6a8f9.js","component---src-pages-experiences-index-js-bfec74f782c52e0067a2.js"],"component---src-pages-index-js":["0.cdd212970a8400f94300.css","0-3005393ef571ccb0e251.js","1.84224bacb78434c42ca7.css","1-fbcb71a6606b88f6a8f9.js","component---src-pages-index-js.7964a65fdd0886f03975.css","component---src-pages-index-js-77cc7fdddd2283fcda99.js"],"component---src-pages-research-index-js":["0.cdd212970a8400f94300.css","0-3005393ef571ccb0e251.js","13-fd3d864ea67311538fe5.js","1.84224bacb78434c42ca7.css","1-fbcb71a6606b88f6a8f9.js","component---src-pages-research-index-js-7b316fcde62b3dadf2f0.js"]}}