{"errors":[],"warnings":[],"namedChunkGroups":{"app":{"chunks":[15,2],"assets":["webpack-runtime-b00d9052b0ae5df2cb51.js","webpack-runtime-b00d9052b0ae5df2cb51.js.map","app-929b20576fc48a503b43.js","app-929b20576fc48a503b43.js.map"],"children":{},"childAssets":{}},"component---node-modules-gatsby-plugin-offline-app-shell-js":{"chunks":[3],"assets":["component---node-modules-gatsby-plugin-offline-app-shell-js-bf8643d9f90c5d6b7367.js","component---node-modules-gatsby-plugin-offline-app-shell-js-bf8643d9f90c5d6b7367.js.map"],"children":{},"childAssets":{}},"component---src-templates-blog-post-blog-post-js":{"chunks":[0,12,1,4],"assets":["0.26168da80ae96314d19c.css","0-9f63b7b7264f787415b0.js","0.26168da80ae96314d19c.css.map","0-9f63b7b7264f787415b0.js.map","12-dc1c26de3a88e21c01c6.js","12-dc1c26de3a88e21c01c6.js.map","1.e5a1ebe0c1f9b7873949.css","1-47ef8af82a036bb39f3d.js","1.e5a1ebe0c1f9b7873949.css.map","1-47ef8af82a036bb39f3d.js.map","component---src-templates-blog-post-blog-post-js-4784ae98850fca1cd794.js","component---src-templates-blog-post-blog-post-js-4784ae98850fca1cd794.js.map"],"children":{},"childAssets":{}},"component---src-pages-404-js":{"chunks":[0,1,5],"assets":["0.26168da80ae96314d19c.css","0-9f63b7b7264f787415b0.js","0.26168da80ae96314d19c.css.map","0-9f63b7b7264f787415b0.js.map","1.e5a1ebe0c1f9b7873949.css","1-47ef8af82a036bb39f3d.js","1.e5a1ebe0c1f9b7873949.css.map","1-47ef8af82a036bb39f3d.js.map","component---src-pages-404-js-015452a787e9b54b3217.js","component---src-pages-404-js-015452a787e9b54b3217.js.map"],"children":{},"childAssets":{}},"component---src-pages-about-index-js":{"chunks":[0,1,6],"assets":["0.26168da80ae96314d19c.css","0-9f63b7b7264f787415b0.js","0.26168da80ae96314d19c.css.map","0-9f63b7b7264f787415b0.js.map","1.e5a1ebe0c1f9b7873949.css","1-47ef8af82a036bb39f3d.js","1.e5a1ebe0c1f9b7873949.css.map","1-47ef8af82a036bb39f3d.js.map","component---src-pages-about-index-js.266485304ee64c41b2f2.css","component---src-pages-about-index-js-0ab481f9bd1ef524f972.js","component---src-pages-about-index-js.266485304ee64c41b2f2.css.map","component---src-pages-about-index-js-0ab481f9bd1ef524f972.js.map"],"children":{},"childAssets":{}},"component---src-pages-blogs-index-js":{"chunks":[0,13,1,7],"assets":["0.26168da80ae96314d19c.css","0-9f63b7b7264f787415b0.js","0.26168da80ae96314d19c.css.map","0-9f63b7b7264f787415b0.js.map","13-53701d62dc19bed455c1.js","13-53701d62dc19bed455c1.js.map","1.e5a1ebe0c1f9b7873949.css","1-47ef8af82a036bb39f3d.js","1.e5a1ebe0c1f9b7873949.css.map","1-47ef8af82a036bb39f3d.js.map","component---src-pages-blogs-index-js-1d42182fcc94795e9658.js","component---src-pages-blogs-index-js-1d42182fcc94795e9658.js.map"],"children":{},"childAssets":{}},"component---src-pages-experiences-index-js":{"chunks":[0,1,8],"assets":["0.26168da80ae96314d19c.css","0-9f63b7b7264f787415b0.js","0.26168da80ae96314d19c.css.map","0-9f63b7b7264f787415b0.js.map","1.e5a1ebe0c1f9b7873949.css","1-47ef8af82a036bb39f3d.js","1.e5a1ebe0c1f9b7873949.css.map","1-47ef8af82a036bb39f3d.js.map","component---src-pages-experiences-index-js-bfec74f782c52e0067a2.js","component---src-pages-experiences-index-js-bfec74f782c52e0067a2.js.map"],"children":{},"childAssets":{}},"component---src-pages-index-js":{"chunks":[0,1,9],"assets":["0.26168da80ae96314d19c.css","0-9f63b7b7264f787415b0.js","0.26168da80ae96314d19c.css.map","0-9f63b7b7264f787415b0.js.map","1.e5a1ebe0c1f9b7873949.css","1-47ef8af82a036bb39f3d.js","1.e5a1ebe0c1f9b7873949.css.map","1-47ef8af82a036bb39f3d.js.map","component---src-pages-index-js.236a04e13ccdc905f9d9.css","component---src-pages-index-js-61a34d080026d9fd3e39.js","component---src-pages-index-js.236a04e13ccdc905f9d9.css.map","component---src-pages-index-js-61a34d080026d9fd3e39.js.map"],"children":{},"childAssets":{}},"component---src-pages-research-index-js":{"chunks":[0,14,1,10],"assets":["0.26168da80ae96314d19c.css","0-9f63b7b7264f787415b0.js","0.26168da80ae96314d19c.css.map","0-9f63b7b7264f787415b0.js.map","14-d1d7b55dabecf3cd4cf5.js","14-d1d7b55dabecf3cd4cf5.js.map","1.e5a1ebe0c1f9b7873949.css","1-47ef8af82a036bb39f3d.js","1.e5a1ebe0c1f9b7873949.css.map","1-47ef8af82a036bb39f3d.js.map","component---src-pages-research-index-js-78934cf1adf9bd487b41.js","component---src-pages-research-index-js-78934cf1adf9bd487b41.js.map"],"children":{},"childAssets":{}}},"assetsByChunkName":{"app":["webpack-runtime-b00d9052b0ae5df2cb51.js","app-929b20576fc48a503b43.js"],"component---node-modules-gatsby-plugin-offline-app-shell-js":["component---node-modules-gatsby-plugin-offline-app-shell-js-bf8643d9f90c5d6b7367.js"],"component---src-templates-blog-post-blog-post-js":["0.26168da80ae96314d19c.css","0-9f63b7b7264f787415b0.js","12-dc1c26de3a88e21c01c6.js","1.e5a1ebe0c1f9b7873949.css","1-47ef8af82a036bb39f3d.js","component---src-templates-blog-post-blog-post-js-4784ae98850fca1cd794.js"],"component---src-pages-404-js":["0.26168da80ae96314d19c.css","0-9f63b7b7264f787415b0.js","1.e5a1ebe0c1f9b7873949.css","1-47ef8af82a036bb39f3d.js","component---src-pages-404-js-015452a787e9b54b3217.js"],"component---src-pages-about-index-js":["0.26168da80ae96314d19c.css","0-9f63b7b7264f787415b0.js","1.e5a1ebe0c1f9b7873949.css","1-47ef8af82a036bb39f3d.js","component---src-pages-about-index-js.266485304ee64c41b2f2.css","component---src-pages-about-index-js-0ab481f9bd1ef524f972.js"],"component---src-pages-blogs-index-js":["0.26168da80ae96314d19c.css","0-9f63b7b7264f787415b0.js","13-53701d62dc19bed455c1.js","1.e5a1ebe0c1f9b7873949.css","1-47ef8af82a036bb39f3d.js","component---src-pages-blogs-index-js-1d42182fcc94795e9658.js"],"component---src-pages-experiences-index-js":["0.26168da80ae96314d19c.css","0-9f63b7b7264f787415b0.js","1.e5a1ebe0c1f9b7873949.css","1-47ef8af82a036bb39f3d.js","component---src-pages-experiences-index-js-bfec74f782c52e0067a2.js"],"component---src-pages-index-js":["0.26168da80ae96314d19c.css","0-9f63b7b7264f787415b0.js","1.e5a1ebe0c1f9b7873949.css","1-47ef8af82a036bb39f3d.js","component---src-pages-index-js.236a04e13ccdc905f9d9.css","component---src-pages-index-js-61a34d080026d9fd3e39.js"],"component---src-pages-research-index-js":["0.26168da80ae96314d19c.css","0-9f63b7b7264f787415b0.js","14-d1d7b55dabecf3cd4cf5.js","1.e5a1ebe0c1f9b7873949.css","1-47ef8af82a036bb39f3d.js","component---src-pages-research-index-js-78934cf1adf9bd487b41.js"]}}