{"errors":[],"warnings":[],"namedChunkGroups":{"app":{"chunks":[15,2],"assets":["webpack-runtime-f9557c0694cbd7b2cf3e.js","webpack-runtime-f9557c0694cbd7b2cf3e.js.map","app-929b20576fc48a503b43.js","app-929b20576fc48a503b43.js.map"],"children":{},"childAssets":{}},"component---node-modules-gatsby-plugin-offline-app-shell-js":{"chunks":[3],"assets":["component---node-modules-gatsby-plugin-offline-app-shell-js-bf8643d9f90c5d6b7367.js","component---node-modules-gatsby-plugin-offline-app-shell-js-bf8643d9f90c5d6b7367.js.map"],"children":{},"childAssets":{}},"component---src-templates-blog-post-blog-post-js":{"chunks":[0,12,1,4],"assets":["0.26168da80ae96314d19c.css","0-37641cda939c67be60a2.js","0.26168da80ae96314d19c.css.map","0-37641cda939c67be60a2.js.map","12-e3f1c9163416ca5ad020.js","12-e3f1c9163416ca5ad020.js.map","1.e5a1ebe0c1f9b7873949.css","1-2978834f19ce70ae6360.js","1.e5a1ebe0c1f9b7873949.css.map","1-2978834f19ce70ae6360.js.map","component---src-templates-blog-post-blog-post-js-4784ae98850fca1cd794.js","component---src-templates-blog-post-blog-post-js-4784ae98850fca1cd794.js.map"],"children":{},"childAssets":{}},"component---src-pages-404-js":{"chunks":[0,1,5],"assets":["0.26168da80ae96314d19c.css","0-37641cda939c67be60a2.js","0.26168da80ae96314d19c.css.map","0-37641cda939c67be60a2.js.map","1.e5a1ebe0c1f9b7873949.css","1-2978834f19ce70ae6360.js","1.e5a1ebe0c1f9b7873949.css.map","1-2978834f19ce70ae6360.js.map","component---src-pages-404-js-20ef23f39c4a97672c3f.js","component---src-pages-404-js-20ef23f39c4a97672c3f.js.map"],"children":{},"childAssets":{}},"component---src-pages-about-index-js":{"chunks":[0,1,6],"assets":["0.26168da80ae96314d19c.css","0-37641cda939c67be60a2.js","0.26168da80ae96314d19c.css.map","0-37641cda939c67be60a2.js.map","1.e5a1ebe0c1f9b7873949.css","1-2978834f19ce70ae6360.js","1.e5a1ebe0c1f9b7873949.css.map","1-2978834f19ce70ae6360.js.map","component---src-pages-about-index-js.266485304ee64c41b2f2.css","component---src-pages-about-index-js-0ab481f9bd1ef524f972.js","component---src-pages-about-index-js.266485304ee64c41b2f2.css.map","component---src-pages-about-index-js-0ab481f9bd1ef524f972.js.map"],"children":{},"childAssets":{}},"component---src-pages-blogs-index-js":{"chunks":[0,13,1,7],"assets":["0.26168da80ae96314d19c.css","0-37641cda939c67be60a2.js","0.26168da80ae96314d19c.css.map","0-37641cda939c67be60a2.js.map","13-e4592b57173f97616e39.js","13-e4592b57173f97616e39.js.map","1.e5a1ebe0c1f9b7873949.css","1-2978834f19ce70ae6360.js","1.e5a1ebe0c1f9b7873949.css.map","1-2978834f19ce70ae6360.js.map","component---src-pages-blogs-index-js-8bfd79830bda03e5cfa5.js","component---src-pages-blogs-index-js-8bfd79830bda03e5cfa5.js.map"],"children":{},"childAssets":{}},"component---src-pages-experiences-index-js":{"chunks":[0,1,8],"assets":["0.26168da80ae96314d19c.css","0-37641cda939c67be60a2.js","0.26168da80ae96314d19c.css.map","0-37641cda939c67be60a2.js.map","1.e5a1ebe0c1f9b7873949.css","1-2978834f19ce70ae6360.js","1.e5a1ebe0c1f9b7873949.css.map","1-2978834f19ce70ae6360.js.map","component---src-pages-experiences-index-js-bfec74f782c52e0067a2.js","component---src-pages-experiences-index-js-bfec74f782c52e0067a2.js.map"],"children":{},"childAssets":{}},"component---src-pages-index-js":{"chunks":[0,1,9],"assets":["0.26168da80ae96314d19c.css","0-37641cda939c67be60a2.js","0.26168da80ae96314d19c.css.map","0-37641cda939c67be60a2.js.map","1.e5a1ebe0c1f9b7873949.css","1-2978834f19ce70ae6360.js","1.e5a1ebe0c1f9b7873949.css.map","1-2978834f19ce70ae6360.js.map","component---src-pages-index-js.236a04e13ccdc905f9d9.css","component---src-pages-index-js-61a34d080026d9fd3e39.js","component---src-pages-index-js.236a04e13ccdc905f9d9.css.map","component---src-pages-index-js-61a34d080026d9fd3e39.js.map"],"children":{},"childAssets":{}},"component---src-pages-research-index-js":{"chunks":[0,14,1,10],"assets":["0.26168da80ae96314d19c.css","0-37641cda939c67be60a2.js","0.26168da80ae96314d19c.css.map","0-37641cda939c67be60a2.js.map","14-d1d7b55dabecf3cd4cf5.js","14-d1d7b55dabecf3cd4cf5.js.map","1.e5a1ebe0c1f9b7873949.css","1-2978834f19ce70ae6360.js","1.e5a1ebe0c1f9b7873949.css.map","1-2978834f19ce70ae6360.js.map","component---src-pages-research-index-js-2d433bc0d8b6ac10e926.js","component---src-pages-research-index-js-2d433bc0d8b6ac10e926.js.map"],"children":{},"childAssets":{}}},"assetsByChunkName":{"app":["webpack-runtime-f9557c0694cbd7b2cf3e.js","app-929b20576fc48a503b43.js"],"component---node-modules-gatsby-plugin-offline-app-shell-js":["component---node-modules-gatsby-plugin-offline-app-shell-js-bf8643d9f90c5d6b7367.js"],"component---src-templates-blog-post-blog-post-js":["0.26168da80ae96314d19c.css","0-37641cda939c67be60a2.js","12-e3f1c9163416ca5ad020.js","1.e5a1ebe0c1f9b7873949.css","1-2978834f19ce70ae6360.js","component---src-templates-blog-post-blog-post-js-4784ae98850fca1cd794.js"],"component---src-pages-404-js":["0.26168da80ae96314d19c.css","0-37641cda939c67be60a2.js","1.e5a1ebe0c1f9b7873949.css","1-2978834f19ce70ae6360.js","component---src-pages-404-js-20ef23f39c4a97672c3f.js"],"component---src-pages-about-index-js":["0.26168da80ae96314d19c.css","0-37641cda939c67be60a2.js","1.e5a1ebe0c1f9b7873949.css","1-2978834f19ce70ae6360.js","component---src-pages-about-index-js.266485304ee64c41b2f2.css","component---src-pages-about-index-js-0ab481f9bd1ef524f972.js"],"component---src-pages-blogs-index-js":["0.26168da80ae96314d19c.css","0-37641cda939c67be60a2.js","13-e4592b57173f97616e39.js","1.e5a1ebe0c1f9b7873949.css","1-2978834f19ce70ae6360.js","component---src-pages-blogs-index-js-8bfd79830bda03e5cfa5.js"],"component---src-pages-experiences-index-js":["0.26168da80ae96314d19c.css","0-37641cda939c67be60a2.js","1.e5a1ebe0c1f9b7873949.css","1-2978834f19ce70ae6360.js","component---src-pages-experiences-index-js-bfec74f782c52e0067a2.js"],"component---src-pages-index-js":["0.26168da80ae96314d19c.css","0-37641cda939c67be60a2.js","1.e5a1ebe0c1f9b7873949.css","1-2978834f19ce70ae6360.js","component---src-pages-index-js.236a04e13ccdc905f9d9.css","component---src-pages-index-js-61a34d080026d9fd3e39.js"],"component---src-pages-research-index-js":["0.26168da80ae96314d19c.css","0-37641cda939c67be60a2.js","14-d1d7b55dabecf3cd4cf5.js","1.e5a1ebe0c1f9b7873949.css","1-2978834f19ce70ae6360.js","component---src-pages-research-index-js-2d433bc0d8b6ac10e926.js"]}}